{
  "K": [
    [
      1264.2506212016297,
      0.0,
      968.7422075177082
    ],
    [
      0.0,
      1262.6091110231175,
      523.4709875072625
    ],
    [
      0.0,
      0.0,
      1.0
    ]
  ],
  "resolution": [
    1039,
    1865
  ]
}