{
  "K": [
    [
      1264.2506212016297,
      0.0,
      968.7422075177082,
      0.0
    ],
    [
      0.0,
      1262.6091110231175,
      523.4709875072625,
      0.0
    ],
    [
      0.0,
      0.0,
      1.0,
      0.0
    ]
  ],
  "res_dist": [
    1080,
    1920
  ],
  "res_undist": [
    1039,
    1865
  ],
  "dist_coef": [
    [
      -0.06055182745022075,
      0.27648360114730197,
      0.00014489724657216406,
      0.0018265431177409655,
      -0.299856930368781
    ]
  ]
}